PHYSICAL_CITY,year,Quarter,how_many,avg_sale_price,avg_sqft
ANGIER,2023,1,3,440000.000000000000,2990.0000000000000000
ANGIER,2023,2,1,340000.000000000000,2054.0000000000000000
APEX,2023,1,267,545711.610486891386,2396.2284644194756554
APEX,2023,2,60,552491.666666666667,2455.9166666666666667
CARY,2023,1,312,573750.000000000000,2379.6730769230769231
CARY,2023,2,94,566558.510638297872,2294.0638297872340426
CLAYTON,2023,1,2,297500.000000000000,2162.5000000000000000
CREEDMOOR,2023,2,1,395000.000000000000,1813.0000000000000000
DURHAM,2023,1,2,450000.000000000000,1940.0000000000000000
FUQUAY VARINA,2023,1,366,450624.306010928962,2252.8934426229508197
FUQUAY VARINA,2023,2,61,471524.590163934426,2388.8688524590163934
GARNER,2023,1,128,391519.531250000000,2211.6093750000000000
GARNER,2023,2,37,386027.027027027027,1973.3513513513513514
HOLLY SPRINGS,2023,1,171,570558.479532163743,2627.6374269005847953
HOLLY SPRINGS,2023,2,47,539574.468085106383,2487.9574468085106383
KNIGHTDALE,2023,1,115,377891.304347826087,2109.0521739130434783
KNIGHTDALE,2023,2,24,364312.500000000000,2001.3750000000000000
MORRISVILLE,2023,1,38,490973.684210526316,2162.4210526315789474
MORRISVILLE,2023,2,14,576071.428571428571,2322.7857142857142857
NEW HILL,2023,1,36,634444.444444444444,2866.6666666666666667
NEW HILL,2023,2,10,655350.000000000000,2922.1000000000000000
RALEIGH,2023,1,1105,441316.470588235294,2067.4841628959276018
RALEIGH,2023,2,347,454570.893371757925,2015.1152737752161383
ROLESVILLE,2023,1,14,485607.142857142857,2439.0714285714285714
ROLESVILLE,2023,2,7,509285.714285714286,2690.2857142857142857
WAKE FOREST,2023,1,215,533283.720930232558,2596.7906976744186047
WAKE FOREST,2023,2,94,544829.787234042553,2569.8404255319148936
WENDELL,2023,1,101,426154.455445544554,2017.0495049504950495
WENDELL,2023,2,28,401910.714285714286,1890.3214285714285714
WILLOW SPRING,2023,1,30,438633.333333333333,2430.4000000000000000
WILLOW SPRING,2023,2,9,441722.222222222222,2184.7777777777777778
ZEBULON,2023,1,82,336801.219512195122,1989.1585365853658537
ZEBULON,2023,2,20,313960.000000000000,1965.5000000000000000
ANGIER,2022,1,15,399200.000000000000,2427.4000000000000000
ANGIER,2022,2,13,430346.153846153846,2333.3076923076923077
ANGIER,2022,3,5,420200.000000000000,2800.0000000000000000
ANGIER,2022,4,6,387083.333333333333,2319.0000000000000000
APEX,2022,1,412,539921.844660194175,2483.8082524271844660
APEX,2022,2,528,590038.825757575758,2488.0208333333333333
APEX,2022,3,479,593713.987473903967,2511.4592901878914405
APEX,2022,4,335,575356.716417910448,2462.0059701492537313
CARY,2022,1,471,550573.460721868365,2329.9872611464968153
CARY,2022,2,619,578153.473344103393,2329.9095315024232633
CARY,2022,3,554,578654.332129963899,2336.8104693140794224
CARY,2022,4,430,577415.581395348837,2354.0418604651162791
CLAYTON,2022,1,3,398333.333333333333,1827.6666666666666667
CLAYTON,2022,2,2,407500.000000000000,1808.0000000000000000
CLAYTON,2022,3,7,318342.857142857143,1517.5714285714285714
CLAYTON,2022,4,2,432000.000000000000,2134.5000000000000000
CREEDMOOR,2022,2,1,185000.000000000000,1020.0000000000000000
DURHAM,2022,1,2,395500.000000000000,1754.5000000000000000
DURHAM,2022,2,4,459250.000000000000,1969.0000000000000000
DURHAM,2022,3,22,457863.636363636364,2061.4545454545454545
DURHAM,2022,4,3,420000.000000000000,1888.3333333333333333
FUQUAY VARINA,2022,1,467,429260.809421841542,2288.7044967880085653
FUQUAY VARINA,2022,2,547,480016.453382084095,2348.4204753199268739
FUQUAY VARINA,2022,3,562,488343.807829181495,2381.6316725978647687
FUQUAY VARINA,2022,4,483,495009.474120082816,2434.5693581780538302
GARNER,2022,1,216,388750.925925925926,2141.7870370370370370
GARNER,2022,2,268,417916.044776119403,2159.6902985074626866
GARNER,2022,3,193,413658.031088082902,2105.8393782383419689
GARNER,2022,4,125,389320.000000000000,2097.0880000000000000
HOLLY SPRINGS,2022,1,255,553185.882352941176,2712.0745098039215686
HOLLY SPRINGS,2022,2,367,596693.460490463215,2703.3623978201634877
HOLLY SPRINGS,2022,3,318,599319.182389937107,2693.4119496855345912
HOLLY SPRINGS,2022,4,284,607961.267605633803,2784.3591549295774648
KNIGHTDALE,2022,1,152,380603.947368421053,2108.0328947368421053
KNIGHTDALE,2022,2,165,395616.969696969697,2076.4969696969696970
KNIGHTDALE,2022,3,155,406550.322580645161,2154.5870967741935484
KNIGHTDALE,2022,4,105,392710.476190476190,2115.4285714285714286
MORRISVILLE,2022,1,63,550268.253968253968,2366.6666666666666667
MORRISVILLE,2022,2,90,572283.333333333333,2319.0888888888888889
MORRISVILLE,2022,3,101,576158.415841584158,2424.3663366336633663
MORRISVILLE,2022,4,43,542720.930232558140,2321.7441860465116279
NEW HILL,2022,1,31,594516.129032258065,2785.1935483870967742
NEW HILL,2022,2,21,611142.857142857143,2859.8095238095238095
NEW HILL,2022,3,28,600017.857142857143,2708.7857142857142857
NEW HILL,2022,4,38,627055.263157894737,2940.7368421052631579
RALEIGH,2022,1,1638,442012.210012210012,2047.5018315018315018
RALEIGH,2022,2,1927,482606.019719771666,2061.0778412039439543
RALEIGH,2022,3,1710,468936.549707602339,2078.3596491228070175
RALEIGH,2022,4,1267,458868.666140489345,2056.2257300710339384
ROLESVILLE,2022,1,43,470674.418604651163,2593.1860465116279070
ROLESVILLE,2022,2,64,532820.312500000000,2572.0625000000000000
ROLESVILLE,2022,3,70,534185.714285714286,2594.9571428571428571
ROLESVILLE,2022,4,44,507818.181818181818,2599.8863636363636364
WAKE FOREST,2022,1,353,510847.308781869688,2568.5807365439093484
WAKE FOREST,2022,2,416,559825.721153846154,2617.4206730769230769
WAKE FOREST,2022,3,417,557212.230215827338,2674.3597122302158273
WAKE FOREST,2022,4,292,522751.712328767123,2636.3150684931506849
WENDELL,2022,1,151,353172.794701986755,1846.1986754966887417
WENDELL,2022,2,227,399958.149779735683,1942.1938325991189427
WENDELL,2022,3,172,427111.627906976744,1991.4593023255813953
WENDELL,2022,4,158,449215.822784810127,2074.1329113924050633
WILLOW SPRING,2022,1,58,428331.034482758621,2345.5172413793103448
WILLOW SPRING,2022,2,70,458558.571428571429,2326.7857142857142857
WILLOW SPRING,2022,3,68,473963.235294117647,2467.7941176470588235
WILLOW SPRING,2022,4,60,464186.666666666667,2602.6000000000000000
YOUNGSVILLE,2022,1,1,130000.000000000000,1152.0000000000000000
YOUNGSVILLE,2022,2,3,256666.666666666667,1183.0000000000000000
YOUNGSVILLE,2022,3,3,303333.333333333333,1472.3333333333333333
YOUNGSVILLE,2022,4,1,295000.000000000000,1152.0000000000000000
ZEBULON,2022,1,119,330221.848739495798,1983.0924369747899160
ZEBULON,2022,2,147,379985.034013605442,2150.9659863945578231
ZEBULON,2022,3,135,376011.111111111111,2065.4592592592592593
ZEBULON,2022,4,126,336533.333333333333,1896.7142857142857143
ANGIER,2021,1,23,292586.956521739130,2466.7391304347826087
ANGIER,2021,2,30,297650.000000000000,2287.4000000000000000
ANGIER,2021,3,32,326921.875000000000,2510.5000000000000000
ANGIER,2021,4,22,351318.181818181818,2485.0454545454545455
APEX,2021,1,582,454722.508591065292,2683.2405498281786942
APEX,2021,2,672,489044.196428571429,2707.2961309523809524
APEX,2021,3,629,517959.618441971383,2743.6565977742448331
APEX,2021,4,550,548305.636363636364,2665.1145454545454545
CARY,2021,1,549,436163.934426229508,2477.5719489981785064
CARY,2021,2,887,487657.158962795941,2549.3359639233370913
CARY,2021,3,716,517110.614525139665,2486.2402234636871508
CARY,2021,4,616,528080.357142857143,2473.2337662337662338
CLAYTON,2021,1,2,292500.000000000000,1897.0000000000000000
CLAYTON,2021,2,5,254200.000000000000,1633.0000000000000000
CLAYTON,2021,3,8,302187.500000000000,1700.6250000000000000
CLAYTON,2021,4,5,293800.000000000000,1680.4000000000000000
CREEDMOOR,2021,1,1,68000.000000000000,1784.0000000000000000
CREEDMOOR,2021,3,1,575000.000000000000,3929.0000000000000000
DURHAM,2021,1,3,313000.000000000000,1846.6666666666666667
DURHAM,2021,2,4,335500.000000000000,1820.2500000000000000
DURHAM,2021,3,2,357750.000000000000,1787.5000000000000000
FUQUAY VARINA,2021,1,363,336756.749311294766,2283.2617079889807163
FUQUAY VARINA,2021,2,565,378450.619469026549,2378.0814159292035398
FUQUAY VARINA,2021,3,621,379002.735909822866,2268.4991948470209340
FUQUAY VARINA,2021,4,596,409584.731543624161,2356.5218120805369128
GARNER,2021,1,161,288435.279503105590,1958.2546583850931677
GARNER,2021,2,214,307071.495327102804,1943.9252336448598131
GARNER,2021,3,199,338492.462311557789,2076.0050251256281407
GARNER,2021,4,240,353193.750000000000,2081.9958333333333333
HOLLY SPRINGS,2021,1,372,431006.720430107527,2661.3091397849462366
HOLLY SPRINGS,2021,2,452,456882.400442477876,2664.2212389380530973
HOLLY SPRINGS,2021,3,405,502273.691358024691,2784.6987654320987654
HOLLY SPRINGS,2021,4,358,518032.960893854749,2736.8687150837988827
KNIGHTDALE,2021,1,134,277900.634328358209,1973.8656716417910448
KNIGHTDALE,2021,2,156,308227.564102564103,2031.1410256410256410
KNIGHTDALE,2021,3,155,313521.290322580645,1934.0193548387096774
KNIGHTDALE,2021,4,205,353023.414634146341,2097.9121951219512195
MORRISVILLE,2021,1,101,380618.811881188119,2253.2376237623762376
MORRISVILLE,2021,2,135,434952.592592592593,2327.0888888888888889
MORRISVILLE,2021,3,122,479762.295081967213,2389.3688524590163934
MORRISVILLE,2021,4,95,494631.578947368421,2338.5157894736842105
NEW HILL,2021,1,61,486836.065573770492,3095.7868852459016393
NEW HILL,2021,2,66,485378.787878787879,2949.0303030303030303
NEW HILL,2021,3,60,505800.000000000000,3098.8833333333333333
NEW HILL,2021,4,51,572882.352941176471,3056.9215686274509804
RALEIGH,2021,1,1641,368644.626447288239,2132.2236441194393662
RALEIGH,2021,2,2392,413393.979933110368,2206.6985785953177258
RALEIGH,2021,3,2075,417792.481927710843,2128.0544578313253012
RALEIGH,2021,4,2461,391847.419748069890,1971.9654611946363267
ROLESVILLE,2021,1,78,375767.948717948718,2567.4102564102564103
ROLESVILLE,2021,2,81,425792.592592592593,2638.5679012345679012
ROLESVILLE,2021,3,52,454980.769230769231,2761.0961538461538462
ROLESVILLE,2021,4,60,480508.333333333333,2707.7166666666666667
WAKE FOREST,2021,1,366,420860.382513661202,2711.1475409836065574
WAKE FOREST,2021,2,534,448987.265917602996,2651.0056179775280899
WAKE FOREST,2021,3,472,458915.254237288136,2645.9004237288135593
WAKE FOREST,2021,4,526,485857.034220532319,2662.5760456273764259
WENDELL,2021,1,155,310811.245161290323,1983.2709677419354839
WENDELL,2021,2,155,334250.967741935484,2018.0387096774193548
WENDELL,2021,3,135,342688.888888888889,1982.1037037037037037
WENDELL,2021,4,150,367506.666666666667,2015.8466666666666667
WILLOW SPRING,2021,1,59,342237.288135593220,2311.1694915254237288
WILLOW SPRING,2021,2,80,380262.500000000000,2565.2625000000000000
WILLOW SPRING,2021,3,64,391573.437500000000,2410.8593750000000000
WILLOW SPRING,2021,4,63,416152.380952380952,2498.3968253968253968
YOUNGSVILLE,2021,1,2,225500.000000000000,1165.0000000000000000
YOUNGSVILLE,2021,2,2,117000.000000000000,1166.0000000000000000
YOUNGSVILLE,2021,3,3,226666.666666666667,1169.3333333333333333
ZEBULON,2021,1,104,271506.923076923077,2170.1153846153846154
ZEBULON,2021,2,154,271683.142857142857,1961.9480519480519481
ZEBULON,2021,3,132,293193.181818181818,2033.3863636363636364
ZEBULON,2021,4,149,305285.228187919463,2002.5771812080536913
ANGIER,2020,1,3,329666.666666666667,2942.0000000000000000
ANGIER,2020,2,11,277545.454545454545,2297.0909090909090909
ANGIER,2020,3,15,295000.000000000000,2410.2666666666666667
ANGIER,2020,4,22,284159.090909090909,2418.2272727272727273
APEX,2020,1,501,420171.822355289421,2720.1397205588822355
APEX,2020,2,636,433687.106918238994,2733.0283018867924528
APEX,2020,3,777,440118.661518661519,2713.8275418275418275
APEX,2020,4,731,440192.339261285910,2687.7291381668946648
CARY,2020,1,484,419628.099173553719,2563.1239669421487603
CARY,2020,2,647,427462.905718701700,2562.2318392581143740
CARY,2020,3,725,438255.172413793103,2608.4206896551724138
CARY,2020,4,627,433317.543859649123,2527.2424242424242424
CLAYTON,2020,1,3,194333.333333333333,1586.6666666666666667
CLAYTON,2020,2,5,254000.000000000000,1827.2000000000000000
CLAYTON,2020,3,7,280500.000000000000,1948.2857142857142857
CLAYTON,2020,4,5,285000.000000000000,1880.8000000000000000
CREEDMOOR,2020,2,1,390000.000000000000,2224.0000000000000000
DURHAM,2020,1,7,320571.428571428571,1908.8571428571428571
DURHAM,2020,2,7,331357.142857142857,1974.7142857142857143
DURHAM,2020,3,9,311500.000000000000,1847.5555555555555556
DURHAM,2020,4,2,324000.000000000000,1870.5000000000000000
FUQUAY VARINA,2020,1,310,307675.664516129032,2234.5129032258064516
FUQUAY VARINA,2020,2,347,321492.507204610951,2291.8674351585014409
FUQUAY VARINA,2020,3,435,328754.942528735632,2336.8643678160919540
FUQUAY VARINA,2020,4,479,337547.390396659708,2378.9415448851774530
GARNER,2020,1,143,266743.258741258741,2113.5314685314685315
GARNER,2020,2,159,271855.182389937107,2049.7610062893081761
GARNER,2020,3,198,283578.787878787879,2120.9494949494949495
GARNER,2020,4,156,282614.102564102564,2032.0384615384615385
HOLLY SPRINGS,2020,1,281,393355.516014234875,2702.5871886120996441
HOLLY SPRINGS,2020,2,362,402526.243093922652,2705.4558011049723757
HOLLY SPRINGS,2020,3,388,414804.123711340206,2697.5309278350515464
HOLLY SPRINGS,2020,4,400,425391.250000000000,2691.3950000000000000
KNIGHTDALE,2020,1,143,263514.615384615385,2134.0489510489510490
KNIGHTDALE,2020,2,141,272057.602836879433,2141.0070921985815603
KNIGHTDALE,2020,3,200,274807.500000000000,2181.4900000000000000
KNIGHTDALE,2020,4,191,282227.225130890052,2145.9319371727748691
MORRISVILLE,2020,1,75,331646.666666666667,2120.0000000000000000
MORRISVILLE,2020,2,79,365860.759493670886,2326.8987341772151899
MORRISVILLE,2020,3,119,363600.840336134454,2213.3361344537815126
MORRISVILLE,2020,4,94,373240.425531914894,2266.7446808510638298
NEW HILL,2020,1,70,418707.142857142857,2708.1571428571428571
NEW HILL,2020,2,60,440466.666666666667,2788.5333333333333333
NEW HILL,2020,3,66,433295.454545454545,2815.1060606060606061
NEW HILL,2020,4,65,477253.846153846154,3106.8769230769230769
RALEIGH,2020,1,1452,349770.992424242424,2210.4194214876033058
RALEIGH,2020,2,1775,355713.335211267606,2207.6039436619718310
RALEIGH,2020,3,2117,374745.536136041568,2242.7609825224374114
RALEIGH,2020,4,2049,372181.942410932162,2201.8311371400683260
ROLESVILLE,2020,1,38,352684.210526315789,2673.0263157894736842
ROLESVILLE,2020,2,74,370570.270270270270,2801.5540540540540541
ROLESVILLE,2020,3,75,369913.333333333333,2745.8666666666666667
ROLESVILLE,2020,4,78,367512.820512820513,2554.6666666666666667
WAKE FOREST,2020,1,357,377728.571428571429,2673.3249299719887955
WAKE FOREST,2020,2,458,397711.572052401747,2728.2423580786026201
WAKE FOREST,2020,3,467,408933.832976445396,2773.6680942184154176
WAKE FOREST,2020,4,480,419277.708333333333,2747.6062500000000000
WENDELL,2020,1,93,262721.505376344086,1970.8602150537634409
WENDELL,2020,2,136,291871.323529411765,2040.3970588235294118
WENDELL,2020,3,147,286519.047619047619,2017.3741496598639456
WENDELL,2020,4,178,286593.258426966292,1983.3258426966292135
WILLOW SPRING,2020,1,36,287791.666666666667,2204.1388888888888889
WILLOW SPRING,2020,2,50,315570.000000000000,2347.7600000000000000
WILLOW SPRING,2020,3,52,302713.461538461538,2240.6923076923076923
WILLOW SPRING,2020,4,53,318962.264150943396,2344.3207547169811321
YOUNGSVILLE,2020,1,1,200000.000000000000,1273.0000000000000000
YOUNGSVILLE,2020,2,1,230000.000000000000,1710.0000000000000000
YOUNGSVILLE,2020,3,4,197125.000000000000,1308.7500000000000000
ZEBULON,2020,1,93,241588.172043010753,2005.9139784946236559
ZEBULON,2020,2,149,241194.328859060403,1945.8859060402684564
ZEBULON,2020,3,140,266279.285714285714,2136.9142857142857143
ZEBULON,2020,4,144,254136.111111111111,2067.7638888888888889
ANGIER,2019,1,2,288000.000000000000,2535.5000000000000000
ANGIER,2019,2,7,262714.285714285714,2388.1428571428571429
ANGIER,2019,3,5,288000.000000000000,3113.2000000000000000
ANGIER,2019,4,1,313000.000000000000,3150.0000000000000000
APEX,2019,1,434,419311.059907834101,2766.8571428571428571
APEX,2019,2,639,415583.843505477308,2715.1439749608763693
APEX,2019,3,603,411409.618573797678,2680.2520729684908789
APEX,2019,4,611,430942.716857610475,2805.2242225859247136
CARY,2019,1,432,421739.583333333333,2642.1087962962962963
CARY,2019,2,657,437586.757990867580,2668.8767123287671233
CARY,2019,3,683,416189.165446559297,2543.3674963396778917
CARY,2019,4,603,419884.742951907131,2568.2786069651741294
CLAYTON,2019,1,2,171250.000000000000,2535.5000000000000000
CLAYTON,2019,2,5,225000.000000000000,1849.4000000000000000
CLAYTON,2019,3,5,221800.000000000000,1568.6000000000000000
CREEDMOOR,2019,3,1,195000.000000000000,1950.0000000000000000
DURHAM,2019,1,3,272833.333333333333,1717.3333333333333333
DURHAM,2019,3,4,315750.000000000000,1920.0000000000000000
DURHAM,2019,4,4,317750.000000000000,1932.7500000000000000
FUQUAY VARINA,2019,1,202,320382.178217821782,2446.8712871287128713
FUQUAY VARINA,2019,2,322,314648.189440993789,2321.1397515527950311
FUQUAY VARINA,2019,3,297,309560.606060606061,2283.6936026936026936
FUQUAY VARINA,2019,4,313,307964.217252396166,2314.1118210862619808
GARNER,2019,1,114,254214.912280701754,2089.2368421052631579
GARNER,2019,2,143,262506.069930069930,2222.0419580419580420
GARNER,2019,3,143,262684.615384615385,2081.7762237762237762
GARNER,2019,4,130,263602.000000000000,2086.0846153846153846
HOLLY SPRINGS,2019,1,181,373438.121546961326,2633.0276243093922652
HOLLY SPRINGS,2019,2,271,391312.616236162362,2717.0479704797047970
HOLLY SPRINGS,2019,3,280,388183.928571428571,2682.3071428571428571
HOLLY SPRINGS,2019,4,287,388331.010452961672,2657.1986062717770035
KNIGHTDALE,2019,1,112,273738.392857142857,2293.3214285714285714
KNIGHTDALE,2019,2,162,261819.012345679012,2153.1543209876543210
KNIGHTDALE,2019,3,169,274136.094674556213,2267.6390532544378698
KNIGHTDALE,2019,4,165,266803.066666666667,2196.6666666666666667
MORRISVILLE,2019,1,53,338858.490566037736,2209.3396226415094340
MORRISVILLE,2019,2,86,351819.767441860465,2319.3139534883720930
MORRISVILLE,2019,3,99,341098.060606060606,2268.4747474747474747
MORRISVILLE,2019,4,99,354510.101010101010,2322.9191919191919192
NEW HILL,2019,1,45,400222.222222222222,2753.3111111111111111
NEW HILL,2019,2,61,381852.459016393443,2579.0655737704918033
NEW HILL,2019,3,65,388992.307692307692,2670.4923076923076923
NEW HILL,2019,4,82,393707.317073170732,2661.6097560975609756
RALEIGH,2019,1,1253,330359.524341580208,2181.6440542697525938
RALEIGH,2019,2,1961,344638.614992350841,2211.3758286588475268
RALEIGH,2019,3,1777,337493.595948227349,2175.3095104108047271
RALEIGH,2019,4,1661,334091.145695364238,2165.8163756773028296
ROLESVILLE,2019,1,36,365555.555555555556,2885.6666666666666667
ROLESVILLE,2019,2,57,338929.824561403509,2615.8070175438596491
ROLESVILLE,2019,3,56,354508.928571428571,2741.8035714285714286
ROLESVILLE,2019,4,59,372576.271186440678,2929.9322033898305085
WAKE FOREST,2019,1,293,355500.682593856655,2601.1228668941979522
WAKE FOREST,2019,2,478,364554.985355648536,2647.1548117154811715
WAKE FOREST,2019,3,445,369094.382022471910,2672.0292134831460674
WAKE FOREST,2019,4,430,383114.186046511628,2656.6139534883720930
WENDELL,2019,1,84,252009.523809523810,1960.7738095238095238
WENDELL,2019,2,142,254642.126760563380,1964.1901408450704225
WENDELL,2019,3,142,249725.352112676056,1948.2957746478873239
WENDELL,2019,4,155,273359.703225806452,2025.2645161290322581
WILLOW SPRING,2019,1,30,275573.333333333333,2219.4666666666666667
WILLOW SPRING,2019,2,51,295911.764705882353,2336.1372549019607843
WILLOW SPRING,2019,3,45,329288.888888888889,2469.4888888888888889
WILLOW SPRING,2019,4,44,299420.454545454545,2254.7045454545454545
YOUNGSVILLE,2019,1,1,198000.000000000000,1664.0000000000000000
YOUNGSVILLE,2019,2,2,250000.000000000000,1932.0000000000000000
YOUNGSVILLE,2019,3,2,195000.000000000000,1237.5000000000000000
YOUNGSVILLE,2019,4,1,171500.000000000000,1218.0000000000000000
ZEBULON,2019,1,56,250098.214285714286,2240.3571428571428571
ZEBULON,2019,2,69,235618.840579710145,2041.4202898550724638
ZEBULON,2019,3,106,256323.207547169811,2231.6132075471698113
ZEBULON,2019,4,112,239067.857142857143,2042.7053571428571429
ANGIER,2018,1,3,290000.000000000000,3037.0000000000000000
ANGIER,2018,2,1,252000.000000000000,2036.0000000000000000
ANGIER,2018,3,1,296500.000000000000,3369.0000000000000000
ANGIER,2018,4,4,278250.000000000000,2849.7500000000000000
APEX,2018,1,339,384159.292035398230,2651.5929203539823009
APEX,2018,2,540,398256.111111111111,2654.8370370370370370
APEX,2018,3,547,407505.667276051188,2710.2340036563071298
APEX,2018,4,510,408645.098039215686,2717.3176470588235294
CARY,2018,1,408,413835.784313725490,2681.2401960784313725
CARY,2018,2,691,410278.581765557164,2624.3024602026049204
CARY,2018,3,624,419286.858974358974,2667.7339743589743590
CARY,2018,4,461,432806.941431670282,2684.5249457700650759
CLAYTON,2018,2,4,204250.000000000000,1855.5000000000000000
CLAYTON,2018,3,4,228375.000000000000,2176.7500000000000000
CLAYTON,2018,4,3,147333.333333333333,2602.6666666666666667
CREEDMOOR,2018,3,1,253500.000000000000,1851.0000000000000000
DURHAM,2018,3,4,288000.000000000000,1770.7500000000000000
FUQUAY VARINA,2018,1,233,286671.244635193133,2283.3390557939914163
FUQUAY VARINA,2018,2,261,304646.934865900383,2283.6513409961685824
FUQUAY VARINA,2018,3,294,304166.666666666667,2323.9013605442176871
FUQUAY VARINA,2018,4,201,303858.208955223881,2359.8159203980099502
GARNER,2018,1,105,221993.333333333333,2009.8285714285714286
GARNER,2018,2,132,240956.060606060606,2093.1212121212121212
GARNER,2018,3,147,258312.244897959184,2221.8231292517006803
GARNER,2018,4,111,250987.387387387387,2091.0450450450450450
HOLLY SPRINGS,2018,1,190,350371.052631578947,2577.5000000000000000
HOLLY SPRINGS,2018,2,288,364465.277777777778,2606.7951388888888889
HOLLY SPRINGS,2018,3,255,365512.156862745098,2614.1215686274509804
HOLLY SPRINGS,2018,4,229,358810.043668122271,2564.7598253275109170
KNIGHTDALE,2018,1,125,256164.000000000000,2314.5760000000000000
KNIGHTDALE,2018,2,142,259555.633802816901,2280.8169014084507042
KNIGHTDALE,2018,3,129,244173.643410852713,2163.7209302325581395
KNIGHTDALE,2018,4,92,261896.739130434783,2206.3369565217391304
MORRISVILLE,2018,1,57,342552.631578947368,2341.9824561403508772
MORRISVILLE,2018,2,135,350748.148148148148,2330.5037037037037037
MORRISVILLE,2018,3,119,344827.731092436975,2272.2184873949579832
MORRISVILLE,2018,4,95,356463.157894736842,2365.1684210526315789
NEW HILL,2018,1,8,457187.500000000000,3303.6250000000000000
NEW HILL,2018,2,13,469692.307692307692,3118.8461538461538462
NEW HILL,2018,3,17,408735.294117647059,2582.5882352941176471
NEW HILL,2018,4,26,455173.076923076923,3091.6153846153846154
RALEIGH,2018,1,1138,318187.609841827768,2231.3848857644991213
RALEIGH,2018,2,1789,344812.475125768586,2290.1106763555058692
RALEIGH,2018,3,1670,330916.047904191617,2231.5706586826347305
RALEIGH,2018,4,1459,332648.115147361206,2243.7422892392049349
ROLESVILLE,2018,1,55,331336.363636363636,2763.3272727272727273
ROLESVILLE,2018,2,58,342525.862068965517,2913.4827586206896552
ROLESVILLE,2018,3,60,332066.666666666667,2731.2833333333333333
ROLESVILLE,2018,4,40,387250.000000000000,3058.6500000000000000
WAKE FOREST,2018,1,268,339822.761194029851,2565.5074626865671642
WAKE FOREST,2018,2,462,360992.428571428571,2690.2640692640692641
WAKE FOREST,2018,3,373,363409.383378016086,2685.6863270777479893
WAKE FOREST,2018,4,318,357469.182389937107,2533.6572327044025157
WENDELL,2018,1,62,256548.387096774194,2138.7741935483870968
WENDELL,2018,2,97,241994.845360824742,1969.0103092783505155
WENDELL,2018,3,117,250476.068376068376,2054.5982905982905983
WENDELL,2018,4,104,240475.961538461538,1938.7019230769230769
WILLOW SPRING,2018,1,23,273934.782608695652,2273.1739130434782609
WILLOW SPRING,2018,2,45,271900.000000000000,2257.6888888888888889
WILLOW SPRING,2018,3,33,268112.121212121212,2247.2424242424242424
WILLOW SPRING,2018,4,24,270875.000000000000,2180.7500000000000000
YOUNGSVILLE,2018,3,2,186500.000000000000,1436.5000000000000000
YOUNGSVILLE,2018,4,2,302500.000000000000,1623.5000000000000000
ZEBULON,2018,1,21,186809.523809523810,1826.8571428571428571
ZEBULON,2018,2,68,238507.352941176471,2154.0882352941176471
ZEBULON,2018,3,70,241966.671428571429,2263.4571428571428571
ZEBULON,2018,4,54,218220.203703703704,2033.1296296296296296
ANGIER,2017,1,8,244125.000000000000,2349.2500000000000000
ANGIER,2017,2,3,188833.333333333333,1497.0000000000000000
ANGIER,2017,3,4,268625.000000000000,2900.5000000000000000
ANGIER,2017,4,1,297500.000000000000,3217.0000000000000000
APEX,2017,1,304,386075.657894736842,2727.6250000000000000
APEX,2017,2,470,389155.531914893617,2668.5127659574468085
APEX,2017,3,428,383925.817757009346,2638.6799065420560748
APEX,2017,4,457,392008.533916849015,2662.5776805251641138
CARY,2017,1,415,388753.975903614458,2605.9759036144578313
CARY,2017,2,635,403494.488188976378,2678.7779527559055118
CARY,2017,3,640,390334.687500000000,2596.5546875000000000
CARY,2017,4,543,403309.392265193370,2668.0128913443830571
CLAYTON,2017,1,1,197500.000000000000,1646.0000000000000000
CLAYTON,2017,2,4,229000.000000000000,2118.0000000000000000
CLAYTON,2017,3,3,180500.000000000000,1542.6666666666666667
CLAYTON,2017,4,2,197500.000000000000,1766.0000000000000000
DURHAM,2017,1,1,280500.000000000000,1736.0000000000000000
DURHAM,2017,2,2,276250.000000000000,1735.0000000000000000
DURHAM,2017,3,1,267500.000000000000,1828.0000000000000000
DURHAM,2017,4,2,277500.000000000000,1705.5000000000000000
FUQUAY VARINA,2017,1,186,277846.774193548387,2337.6827956989247312
FUQUAY VARINA,2017,2,270,287675.925925925926,2348.6407407407407407
FUQUAY VARINA,2017,3,277,278119.133574007220,2276.2382671480144404
FUQUAY VARINA,2017,4,201,280800.995024875622,2306.5223880597014925
GARNER,2017,1,78,217185.897435897436,2171.2820512820512821
GARNER,2017,2,125,226857.600000000000,2099.0560000000000000
GARNER,2017,3,125,221940.000000000000,2055.3760000000000000
GARNER,2017,4,102,221813.725490196078,2097.7254901960784314
HOLLY SPRINGS,2017,1,168,333890.476190476190,2567.3333333333333333
HOLLY SPRINGS,2017,2,271,361869.003690036900,2626.4243542435424354
HOLLY SPRINGS,2017,3,258,383722.480620155039,2783.8759689922480620
HOLLY SPRINGS,2017,4,213,367847.417840375587,2662.1596244131455399
KNIGHTDALE,2017,1,121,229276.859504132231,2210.8099173553719008
KNIGHTDALE,2017,2,155,242045.548387096774,2249.6580645161290323
KNIGHTDALE,2017,3,148,234530.405405405405,2161.2972972972972973
KNIGHTDALE,2017,4,159,258154.088050314465,2359.3396226415094340
MORRISVILLE,2017,1,76,339576.315789473684,2342.1052631578947368
MORRISVILLE,2017,2,107,350144.859813084112,2409.2616822429906542
MORRISVILLE,2017,3,126,351903.174603174603,2382.2698412698412698
MORRISVILLE,2017,4,116,355094.827586206897,2280.9482758620689655
NEW HILL,2017,1,12,440625.000000000000,3288.6666666666666667
NEW HILL,2017,2,23,457500.000000000000,3289.0000000000000000
NEW HILL,2017,3,18,467694.444444444444,3314.5000000000000000
NEW HILL,2017,4,18,466416.666666666667,3309.7777777777777778
RALEIGH,2017,1,1086,304074.677716390424,2221.7900552486187845
RALEIGH,2017,2,1728,315060.734953703704,2254.1429398148148148
RALEIGH,2017,3,1598,307078.035043804756,2235.1539424280350438
RALEIGH,2017,4,1371,311007.585703865791,2243.6440554339897885
ROLESVILLE,2017,1,42,334714.285714285714,2834.9047619047619048
ROLESVILLE,2017,2,60,342378.333333333333,2883.6166666666666667
ROLESVILLE,2017,3,54,334500.000000000000,2817.9074074074074074
ROLESVILLE,2017,4,45,311566.666666666667,2707.8888888888888889
WAKE FOREST,2017,1,231,336329.004329004329,2698.5800865800865801
WAKE FOREST,2017,2,316,348363.291139240506,2725.8955696202531646
WAKE FOREST,2017,3,330,342646.969696969697,2681.1363636363636364
WAKE FOREST,2017,4,336,338904.761904761905,2617.2619047619047619
WENDELL,2017,1,68,220867.647058823529,2000.8529411764705882
WENDELL,2017,2,80,239031.250000000000,2027.8250000000000000
WENDELL,2017,3,87,228602.298850574713,2013.6896551724137931
WENDELL,2017,4,84,236583.333333333333,2026.0714285714285714
WILLOW SPRING,2017,1,32,244843.750000000000,2183.7812500000000000
WILLOW SPRING,2017,2,38,260026.315789473684,2331.1578947368421053
WILLOW SPRING,2017,3,32,239984.375000000000,2129.8125000000000000
WILLOW SPRING,2017,4,30,262916.666666666667,2309.6666666666666667
ZEBULON,2017,1,31,210403.225806451613,2031.5483870967741935
ZEBULON,2017,2,47,207274.468085106383,1998.7446808510638298
ZEBULON,2017,3,49,218155.102040816327,2066.2653061224489796
ZEBULON,2017,4,64,207585.937500000000,2005.9062500000000000
ANGIER,2016,1,8,250812.500000000000,2786.5000000000000000
ANGIER,2016,2,4,299625.000000000000,3118.5000000000000000
ANGIER,2016,3,4,262125.000000000000,2568.7500000000000000
ANGIER,2016,4,2,254500.000000000000,2516.5000000000000000
APEX,2016,1,240,358020.833333333333,2696.6875000000000000
APEX,2016,2,394,366076.142131979695,2653.2081218274111675
APEX,2016,3,421,374578.384798099762,2707.3990498812351544
APEX,2016,4,353,376500.000000000000,2661.8300283286118980
CARY,2016,1,398,350836.726130653266,2525.9246231155778894
CARY,2016,2,679,379550.073637702504,2616.9013254786450663
CARY,2016,3,604,378643.211920529801,2582.7201986754966887
CARY,2016,4,491,371052.953156822811,2589.9898167006109980
CLAYTON,2016,1,4,149000.000000000000,1535.5000000000000000
CLAYTON,2016,3,3,178333.333333333333,2008.0000000000000000
CLAYTON,2016,4,4,215625.000000000000,1767.0000000000000000
CREEDMOOR,2016,1,1,350000.000000000000,2440.0000000000000000
DURHAM,2016,1,4,240000.000000000000,1728.7500000000000000
DURHAM,2016,2,19,246947.368421052632,1747.1578947368421053
DURHAM,2016,3,13,265076.923076923077,1842.4615384615384615
FUQUAY VARINA,2016,1,190,259263.157894736842,2339.3526315789473684
FUQUAY VARINA,2016,2,245,271363.265306122449,2422.0204081632653061
FUQUAY VARINA,2016,3,242,273312.396694214876,2366.9586776859504132
FUQUAY VARINA,2016,4,212,274043.396226415094,2337.5754716981132075
GARNER,2016,1,46,178230.434782608696,1914.8260869565217391
GARNER,2016,2,91,216840.659340659341,2089.1428571428571429
GARNER,2016,3,109,216141.284403669725,2016.1743119266055046
GARNER,2016,4,96,217585.416666666667,2059.2187500000000000
HOLLY SPRINGS,2016,1,146,308756.849315068493,2462.1301369863013699
HOLLY SPRINGS,2016,2,230,336230.434782608696,2596.3913043478260870
HOLLY SPRINGS,2016,3,236,349699.576271186441,2636.2838983050847458
HOLLY SPRINGS,2016,4,200,350670.000000000000,2588.8200000000000000
KNIGHTDALE,2016,1,64,227445.312500000000,2265.9218750000000000
KNIGHTDALE,2016,2,142,230492.957746478873,2309.6408450704225352
KNIGHTDALE,2016,3,139,215435.251798561151,2086.7841726618705036
KNIGHTDALE,2016,4,102,222230.392156862745,2183.8725490196078431
MORRISVILLE,2016,1,70,286285.714285714286,2024.6857142857142857
MORRISVILLE,2016,2,116,303508.620689655172,2204.9396551724137931
MORRISVILLE,2016,3,121,306888.429752066116,2175.3719008264462810
MORRISVILLE,2016,4,116,320383.620689655172,2271.3189655172413793
NEW HILL,2016,1,1,168000.000000000000,1144.0000000000000000
NEW HILL,2016,3,10,396700.000000000000,3132.2000000000000000
NEW HILL,2016,4,7,506928.571428571429,3925.5714285714285714
RALEIGH,2016,1,951,267740.273396424816,2163.7928496319663512
RALEIGH,2016,2,1583,296906.714466203411,2247.3682880606443462
RALEIGH,2016,3,1517,290186.552406064601,2180.4772577455504285
RALEIGH,2016,4,1231,291420.634443541836,2196.7343623070674249
ROLESVILLE,2016,1,32,321453.125000000000,2794.6562500000000000
ROLESVILLE,2016,2,55,302400.000000000000,2625.7272727272727273
ROLESVILLE,2016,3,56,297821.428571428571,2583.7857142857142857
ROLESVILLE,2016,4,37,346391.891891891892,2913.0270270270270270
WAKE FOREST,2016,1,154,305730.519480519481,2581.5259740259740260
WAKE FOREST,2016,2,312,329789.634615384615,2692.6410256410256410
WAKE FOREST,2016,3,283,324800.706713780919,2679.9434628975265018
WAKE FOREST,2016,4,271,330511.070110701107,2639.8007380073800738
WENDELL,2016,1,66,194803.030303030303,1973.6212121212121212
WENDELL,2016,2,84,211422.285714285714,1994.7500000000000000
WENDELL,2016,3,70,219525.714285714286,2059.8857142857142857
WENDELL,2016,4,80,220981.250000000000,2098.8250000000000000
WILLOW SPRING,2016,1,18,265250.000000000000,2445.5000000000000000
WILLOW SPRING,2016,2,22,229250.000000000000,2085.5000000000000000
WILLOW SPRING,2016,3,30,222233.333333333333,2032.5000000000000000
WILLOW SPRING,2016,4,24,222083.333333333333,2075.2083333333333333
YOUNGSVILLE,2016,1,1,136500.000000000000,1218.0000000000000000
YOUNGSVILLE,2016,2,1,115000.000000000000,1432.0000000000000000
YOUNGSVILLE,2016,3,2,129500.000000000000,1116.5000000000000000
YOUNGSVILLE,2016,4,1,144500.000000000000,1248.0000000000000000
ZEBULON,2016,1,27,168777.777777777778,1831.3703703703703704
ZEBULON,2016,2,60,199125.000000000000,2080.1833333333333333
ZEBULON,2016,3,41,208253.658536585366,2106.1951219512195122
ZEBULON,2016,4,30,228966.666666666667,2315.5333333333333333
ANGIER,2015,1,4,242500.000000000000,2443.2500000000000000
ANGIER,2015,2,5,258600.000000000000,2946.4000000000000000
ANGIER,2015,3,6,263500.000000000000,3087.5000000000000000
ANGIER,2015,4,5,279600.000000000000,2847.2000000000000000
APEX,2015,1,220,315938.636363636364,2541.0000000000000000
APEX,2015,2,325,324760.000000000000,2527.1876923076923077
APEX,2015,3,341,329690.615835777126,2544.2903225806451613
APEX,2015,4,291,356625.429553264605,2683.5463917525773196
CARY,2015,1,323,346752.325077399381,2558.8761609907120743
CARY,2015,2,539,368440.630797773655,2662.1669758812615955
CARY,2015,3,573,350076.788830715532,2543.2565445026178010
CARY,2015,4,546,357426.739926739927,2558.2234432234432234
CLAYTON,2015,1,1,99000.000000000000,1086.0000000000000000
CLAYTON,2015,2,4,130750.000000000000,1739.2500000000000000
CLAYTON,2015,3,6,170666.666666666667,1647.1666666666666667
CLAYTON,2015,4,3,152500.000000000000,2472.6666666666666667
CREEDMOOR,2015,1,1,28500.000000000000,1624.0000000000000000
DURHAM,2015,1,2,238250.000000000000,1778.0000000000000000
DURHAM,2015,2,7,232214.285714285714,1753.5714285714285714
DURHAM,2015,3,12,241541.666666666667,1732.0000000000000000
DURHAM,2015,4,6,240416.666666666667,1715.0000000000000000
FUQUAY VARINA,2015,1,150,250140.000000000000,2369.3266666666666667
FUQUAY VARINA,2015,2,200,249604.500000000000,2345.4200000000000000
FUQUAY VARINA,2015,3,235,247602.127659574468,2281.7617021276595745
FUQUAY VARINA,2015,4,185,263459.459459459459,2373.0486486486486486
GARNER,2015,1,60,201400.000000000000,2160.7166666666666667
GARNER,2015,2,81,199481.481481481481,2057.5925925925925926
GARNER,2015,3,85,183235.294117647059,1874.0235294117647059
GARNER,2015,4,65,180670.769230769231,1952.6615384615384615
HOLLY SPRINGS,2015,1,128,286105.468750000000,2486.2656250000000000
HOLLY SPRINGS,2015,2,211,311478.672985781991,2623.0995260663507109
HOLLY SPRINGS,2015,3,173,318147.398843930636,2618.5953757225433526
HOLLY SPRINGS,2015,4,187,324398.395721925134,2584.8449197860962567
KNIGHTDALE,2015,1,71,204590.140845070423,2211.0422535211267606
KNIGHTDALE,2015,2,111,207152.252252252252,2247.9459459459459459
KNIGHTDALE,2015,3,103,210058.252427184466,2217.3883495145631068
KNIGHTDALE,2015,4,109,225711.009174311927,2291.7339449541284404
MORRISVILLE,2015,1,77,288694.805194805195,2182.5974025974025974
MORRISVILLE,2015,2,118,313076.271186440678,2385.0084745762711864
MORRISVILLE,2015,3,140,302803.571428571429,2285.7500000000000000
MORRISVILLE,2015,4,121,300776.859504132231,2216.8512396694214876
RALEIGH,2015,1,911,255340.504939626784,2130.3677277716794731
RALEIGH,2015,2,1377,280530.646332607117,2240.5330428467683370
RALEIGH,2015,3,1362,277330.102790014684,2208.4897209985315712
RALEIGH,2015,4,1089,281689.981634527089,2206.6280991735537190
ROLESVILLE,2015,1,35,296685.714285714286,2691.4571428571428571
ROLESVILLE,2015,2,31,274709.677419354839,2467.2580645161290323
ROLESVILLE,2015,3,44,319943.181818181818,2803.2727272727272727
ROLESVILLE,2015,4,51,297557.549019607843,2626.4313725490196078
WAKE FOREST,2015,1,158,289354.430379746835,2553.0316455696202532
WAKE FOREST,2015,2,241,316863.070539419087,2665.0871369294605809
WAKE FOREST,2015,3,254,311612.204724409449,2616.2992125984251969
WAKE FOREST,2015,4,225,327757.777777777778,2712.7111111111111111
WENDELL,2015,1,22,134795.454545454545,1575.5000000000000000
WENDELL,2015,2,30,146183.333333333333,1616.8000000000000000
WENDELL,2015,3,35,154714.285714285714,1697.8000000000000000
WENDELL,2015,4,50,187270.000000000000,1976.7200000000000000
WILLOW SPRING,2015,1,20,228175.000000000000,2178.1500000000000000
WILLOW SPRING,2015,2,32,215531.250000000000,2062.4687500000000000
WILLOW SPRING,2015,3,42,226511.904761904762,2211.8333333333333333
WILLOW SPRING,2015,4,22,225577.863636363636,2198.6363636363636364
YOUNGSVILLE,2015,1,1,126500.000000000000,1199.0000000000000000
ZEBULON,2015,1,30,185883.333333333333,2023.5333333333333333
ZEBULON,2015,2,35,202171.428571428571,2188.9714285714285714
ZEBULON,2015,3,50,180538.000000000000,2018.5400000000000000
ZEBULON,2015,4,37,193108.108108108108,2047.2702702702702703
ANGIER,2014,1,5,191600.000000000000,2081.4000000000000000
ANGIER,2014,2,4,185000.000000000000,1872.5000000000000000
ANGIER,2014,3,1,212000.000000000000,2425.0000000000000000
ANGIER,2014,4,10,221700.000000000000,2511.7000000000000000
APEX,2014,1,164,319207.317073170732,2610.1890243902439024
APEX,2014,2,295,318537.288135593220,2627.7457627118644068
APEX,2014,3,249,318787.148594377510,2597.1566265060240964
APEX,2014,4,236,324165.254237288136,2630.7669491525423729
CARY,2014,1,293,334696.245733788396,2648.8498293515358362
CARY,2014,2,527,352904.174573055028,2719.1062618595825427
CARY,2014,3,481,333256.756756756757,2582.4823284823284823
CARY,2014,4,434,343622.119815668203,2608.3894009216589862
CLAYTON,2014,1,2,138000.000000000000,1418.5000000000000000
CLAYTON,2014,2,2,124750.000000000000,1536.0000000000000000
CLAYTON,2014,3,1,169500.000000000000,1600.0000000000000000
CLAYTON,2014,4,3,149833.333333333333,1869.3333333333333333
DURHAM,2014,3,7,219000.000000000000,1739.0000000000000000
DURHAM,2014,4,1,251000.000000000000,1728.0000000000000000
FUQUAY VARINA,2014,1,110,236300.000000000000,2277.5545454545454545
FUQUAY VARINA,2014,2,142,215282.577464788732,2189.5422535211267606
FUQUAY VARINA,2014,3,176,233384.090909090909,2304.4943181818181818
FUQUAY VARINA,2014,4,180,224577.222222222222,2237.5888888888888889
GARNER,2014,1,60,183916.666666666667,2062.2000000000000000
GARNER,2014,2,86,189290.697674418605,2073.7790697674418605
GARNER,2014,3,81,172339.506172839506,1914.5802469135802469
GARNER,2014,4,78,188448.717948717949,2046.9358974358974359
HOLLY SPRINGS,2014,1,89,283511.235955056180,2602.0112359550561798
HOLLY SPRINGS,2014,2,123,292788.617886178862,2535.7235772357723577
HOLLY SPRINGS,2014,3,153,278032.679738562092,2430.9346405228758170
HOLLY SPRINGS,2014,4,120,281479.166666666667,2541.7666666666666667
KNIGHTDALE,2014,1,64,192507.812500000000,2247.3750000000000000
KNIGHTDALE,2014,2,87,169966.666666666667,1887.4367816091954023
KNIGHTDALE,2014,3,77,197045.454545454545,2204.4025974025974026
KNIGHTDALE,2014,4,87,203483.908045977011,2232.6896551724137931
MORRISVILLE,2014,1,70,307728.571428571429,2587.3285714285714286
MORRISVILLE,2014,2,103,315155.339805825243,2589.7475728155339806
MORRISVILLE,2014,3,118,317538.135593220339,2573.8898305084745763
MORRISVILLE,2014,4,108,298574.074074074074,2384.7500000000000000
NEW HILL,2014,2,1,173900.000000000000,1867.0000000000000000
RALEIGH,2014,1,704,251340.056818181818,2194.2315340909090909
RALEIGH,2014,2,1151,264060.903562119896,2223.1702867072111208
RALEIGH,2014,3,1163,266759.501289767842,2221.4428202923473775
RALEIGH,2014,4,1032,264339.922480620155,2191.5823643410852713
ROLESVILLE,2014,1,50,302910.000000000000,2595.5800000000000000
ROLESVILLE,2014,2,49,332326.530612244898,2852.7959183673469388
ROLESVILLE,2014,3,41,324146.341463414634,2866.9268292682926829
ROLESVILLE,2014,4,41,312560.975609756098,2866.4390243902439024
WAKE FOREST,2014,1,138,279293.478260869565,2543.0000000000000000
WAKE FOREST,2014,2,226,295059.734513274336,2645.6592920353982301
WAKE FOREST,2014,3,231,297342.424242424242,2610.6406926406926407
WAKE FOREST,2014,4,167,299942.514970059880,2649.9101796407185629
WENDELL,2014,1,15,110333.333333333333,1387.1333333333333333
WENDELL,2014,2,32,143062.500000000000,1798.6250000000000000
WENDELL,2014,3,32,138015.625000000000,1721.4687500000000000
WENDELL,2014,4,29,172448.275862068966,1882.8275862068965517
WILLOW SPRING,2014,1,17,192323.529411764706,2071.9411764705882353
WILLOW SPRING,2014,2,20,219025.000000000000,2136.7500000000000000
WILLOW SPRING,2014,3,18,211750.000000000000,2164.7777777777777778
WILLOW SPRING,2014,4,24,228083.333333333333,2240.6666666666666667
YOUNGSVILLE,2014,1,3,115666.666666666667,1460.6666666666666667
YOUNGSVILLE,2014,3,2,112500.000000000000,1235.5000000000000000
YOUNGSVILLE,2014,4,2,124250.000000000000,1247.5000000000000000
ZEBULON,2014,1,18,132555.555555555556,1645.0000000000000000
ZEBULON,2014,2,31,188709.677419354839,2077.6129032258064516
ZEBULON,2014,3,40,161600.000000000000,1834.8500000000000000
ZEBULON,2014,4,37,186175.675675675676,2112.7297297297297297
ANGIER,2013,1,4,224625.000000000000,2968.2500000000000000
ANGIER,2013,2,3,168166.666666666667,1976.0000000000000000
ANGIER,2013,3,6,217833.333333333333,2806.6666666666666667
ANGIER,2013,4,4,227125.000000000000,2874.0000000000000000
APEX,2013,1,153,279950.980392156863,2532.1176470588235294
APEX,2013,2,250,315652.000000000000,2707.5640000000000000
APEX,2013,3,239,317345.188284518828,2723.4351464435146444
APEX,2013,4,252,313672.619047619048,2673.8373015873015873
CARY,2013,1,263,318045.627376425856,2701.3384030418250951
CARY,2013,2,462,325734.848484848485,2679.5865800865800866
CARY,2013,3,443,316986.455981941309,2538.8735891647855530
CARY,2013,4,402,318483.830845771144,2520.6243781094527363
CLAYTON,2013,1,2,82000.000000000000,1425.0000000000000000
CLAYTON,2013,3,2,138000.000000000000,1483.0000000000000000
CLAYTON,2013,4,2,127500.000000000000,1766.0000000000000000
CREEDMOOR,2013,2,1,167500.000000000000,1605.0000000000000000
FUQUAY VARINA,2013,1,115,203313.043478260870,2165.0695652173913043
FUQUAY VARINA,2013,2,178,216682.584269662921,2240.0898876404494382
FUQUAY VARINA,2013,3,161,217456.521739130435,2213.9689440993788820
FUQUAY VARINA,2013,4,140,222867.857142857143,2248.4000000000000000
GARNER,2013,1,53,189703.773584905660,2103.0000000000000000
GARNER,2013,2,60,157443.333333333333,1882.4000000000000000
GARNER,2013,3,62,174524.193548387097,1982.3548387096774194
GARNER,2013,4,56,188321.428571428571,2106.3928571428571429
HOLLY SPRINGS,2013,1,81,248654.320987654321,2402.9012345679012346
HOLLY SPRINGS,2013,2,134,262854.477611940299,2393.5895522388059701
HOLLY SPRINGS,2013,3,129,278507.751937984496,2543.1550387596899225
HOLLY SPRINGS,2013,4,120,288020.833333333333,2585.0166666666666667
KNIGHTDALE,2013,1,43,171139.534883720930,2150.6744186046511628
KNIGHTDALE,2013,2,64,171875.000000000000,2029.2500000000000000
KNIGHTDALE,2013,3,82,178526.829268292683,2114.7560975609756098
KNIGHTDALE,2013,4,53,181965.622641509434,2117.9056603773584906
MORRISVILLE,2013,1,74,248317.567567567568,2246.9864864864864865
MORRISVILLE,2013,2,110,290422.727272727273,2565.7727272727272727
MORRISVILLE,2013,3,84,285315.476190476190,2583.4880952380952381
MORRISVILLE,2013,4,90,284583.333333333333,2496.2111111111111111
NEW HILL,2013,1,1,38000.000000000000,1488.0000000000000000
NEW HILL,2013,2,1,225000.000000000000,2037.0000000000000000
RALEIGH,2013,1,679,239394.403534609720,2185.6804123711340206
RALEIGH,2013,2,1172,248902.559726962457,2202.5921501706484642
RALEIGH,2013,3,1047,259389.589302769819,2254.6991404011461318
RALEIGH,2013,4,896,261000.558035714286,2255.2042410714285714
ROLESVILLE,2013,1,27,269144.444444444444,2762.3333333333333333
ROLESVILLE,2013,2,39,287653.846153846154,2549.2051282051282051
ROLESVILLE,2013,3,44,289784.090909090909,2633.4090909090909091
ROLESVILLE,2013,4,47,292446.808510638298,2692.3404255319148936
WAKE FOREST,2013,1,112,296071.428571428571,2766.8303571428571429
WAKE FOREST,2013,2,178,298115.168539325843,2709.4550561797752809
WAKE FOREST,2013,3,172,295955.232558139535,2679.6918604651162791
WAKE FOREST,2013,4,132,301545.454545454545,2742.7500000000000000
WENDELL,2013,1,19,134421.052631578947,1652.8421052631578947
WENDELL,2013,2,21,133595.238095238095,1613.3809523809523810
WENDELL,2013,3,25,137020.000000000000,1706.7200000000000000
WENDELL,2013,4,23,131456.521739130435,1646.4782608695652174
WILLOW SPRING,2013,1,9,174222.222222222222,1917.1111111111111111
WILLOW SPRING,2013,2,31,198758.064516129032,1942.9354838709677419
WILLOW SPRING,2013,3,23,185260.869565217391,1940.0434782608695652
WILLOW SPRING,2013,4,25,199060.000000000000,2059.0400000000000000
YOUNGSVILLE,2013,1,2,116500.000000000000,1143.0000000000000000
ZEBULON,2013,1,24,145500.000000000000,1803.5000000000000000
ZEBULON,2013,2,24,220020.833333333333,2306.7500000000000000
ZEBULON,2013,3,23,167391.304347826087,1827.0869565217391304
ZEBULON,2013,4,16,181231.250000000000,1936.1875000000000000
ANGIER,2012,4,1,168000.000000000000,2043.0000000000000000
APEX,2012,1,67,274738.805970149254,2578.8805970149253731
APEX,2012,2,151,290715.231788079470,2561.1589403973509934
APEX,2012,3,141,287858.156028368794,2574.5106382978723404
APEX,2012,4,134,294771.582089552239,2650.5149253731343284
CARY,2012,1,173,299254.335260115607,2555.1791907514450867
CARY,2012,2,308,308758.116883116883,2571.2012987012987013
CARY,2012,3,278,330566.546762589928,2743.5683453237410072
CARY,2012,4,304,341906.250000000000,2845.0921052631578947
CLAYTON,2012,1,3,129166.666666666667,1400.6666666666666667
CLAYTON,2012,3,2,163500.000000000000,1598.0000000000000000
FUQUAY VARINA,2012,1,46,193782.608695652174,2089.0869565217391304
FUQUAY VARINA,2012,2,84,229500.000000000000,2380.3809523809523810
FUQUAY VARINA,2012,3,78,216064.102564102564,2215.1794871794871795
FUQUAY VARINA,2012,4,81,219000.000000000000,2181.4938271604938272
GARNER,2012,1,30,175116.666666666667,2108.9333333333333333
GARNER,2012,2,41,166702.439024390244,1980.3902439024390244
GARNER,2012,3,42,168590.476190476190,2006.8095238095238095
GARNER,2012,4,60,175660.300000000000,1905.6166666666666667
HOLLY SPRINGS,2012,1,62,250000.000000000000,2494.7741935483870968
HOLLY SPRINGS,2012,2,100,262380.000000000000,2506.3200000000000000
HOLLY SPRINGS,2012,3,111,256608.108108108108,2507.3063063063063063
HOLLY SPRINGS,2012,4,79,273949.367088607595,2640.7088607594936709
KNIGHTDALE,2012,1,31,182258.064516129032,2244.6129032258064516
KNIGHTDALE,2012,2,47,168468.085106382979,2008.8510638297872340
KNIGHTDALE,2012,3,63,175571.428571428571,2138.2222222222222222
KNIGHTDALE,2012,4,55,174445.454545454545,2082.5818181818181818
MORRISVILLE,2012,1,66,279931.818181818182,2538.8939393939393939
MORRISVILLE,2012,2,85,253305.882352941176,2300.7764705882352941
MORRISVILLE,2012,3,87,250591.954022988506,2280.7356321839080460
MORRISVILLE,2012,4,101,264970.297029702970,2403.4752475247524752
RALEIGH,2012,1,451,248017.738359201774,2335.6674057649667406
RALEIGH,2012,2,751,258193.475366178429,2277.4047936085219707
RALEIGH,2012,3,700,252287.957142857143,2245.8142857142857143
RALEIGH,2012,4,690,255360.856521739130,2279.6985507246376812
ROLESVILLE,2012,1,14,229071.428571428571,2613.2857142857142857
ROLESVILLE,2012,2,20,244625.000000000000,2811.7000000000000000
ROLESVILLE,2012,3,15,214666.666666666667,2261.6666666666666667
ROLESVILLE,2012,4,26,294076.923076923077,2856.4230769230769231
WAKE FOREST,2012,1,85,286664.705882352941,2645.2117647058823529
WAKE FOREST,2012,2,129,282368.217054263566,2657.8527131782945736
WAKE FOREST,2012,3,138,304322.130434782609,2770.6086956521739130
WAKE FOREST,2012,4,146,283496.575342465753,2687.1164383561643836
WENDELL,2012,1,11,127045.454545454545,1602.6363636363636364
WENDELL,2012,2,17,145705.882352941176,1769.8235294117647059
WENDELL,2012,3,22,130318.181818181818,1563.2727272727272727
WENDELL,2012,4,20,136400.000000000000,1634.6500000000000000
WILLOW SPRING,2012,1,11,196681.818181818182,2231.0000000000000000
WILLOW SPRING,2012,2,9,152722.222222222222,1742.6666666666666667
WILLOW SPRING,2012,3,14,197678.571428571429,2017.5714285714285714
WILLOW SPRING,2012,4,14,215535.714285714286,2337.4285714285714286
YOUNGSVILLE,2012,3,2,115250.000000000000,1440.0000000000000000
ZEBULON,2012,1,10,108500.000000000000,1696.8000000000000000
ZEBULON,2012,2,17,159794.117647058824,1868.9411764705882353
ZEBULON,2012,3,18,177166.666666666667,1998.5555555555555556
ZEBULON,2012,4,19,190263.157894736842,2166.8421052631578947
